Word	composed/anxious	agreeable/hostile	elated/depressed	confident/unsure	clearheaded/confused	energetic/tired
composed	1.0	0.0	0.0	0.0	0.0	0.0
angry	0.0	-1.0	0.0	0.0	0.0	0.0
cheerful	0.0	0.0	1.0	0.0	0.0	0.0
weak	0.0	0.0	0.0	-1.0	0.0	0.0
tense	-1.0	0.0	0.0	0.0	0.0	0.0
confused	0.0	0.0	0.0	0.0	-1.0	0.0
lively	0.0	0.0	0.0	0.0	0.0	1.0
sad	0.0	0.0	-1.0	0.0	0.0	0.0
friendly	0.0	1.0	0.0	0.0	0.0	0.0
tired	0.0	0.0	0.0	0.0	0.0	-1.0
strong	0.0	0.0	0.0	1.0	0.0	0.0
clearheaded	0.0	0.0	0.0	0.0	1.0	0.0
untroubled	1.0	0.0	0.0	0.0	0.0	0.0
grouchy	0.0	-1.0	0.0	0.0	0.0	0.0
playful	0.0	0.0	1.0	0.0	0.0	0.0
timid	0.0	0.0	0.0	-1.0	0.0	0.0
nervous	-1.0	0.0	0.0	0.0	0.0	0.0
mixed-up	0.0	0.0	0.0	0.0	-1.0	0.0
vigorous	0.0	0.0	0.0	0.0	0.0	1.0
dejected	0.0	0.0	-1.0	0.0	0.0	0.0
kindly	0.0	1.0	0.0	0.0	0.0	0.0
fatigued	0.0	0.0	0.0	0.0	0.0	-1.0
bold	0.0	0.0	0.0	1.0	0.0	0.0
efficient	0.0	0.0	0.0	0.0	1.0	0.0
peaceful	1.0	0.0	0.0	0.0	0.0	0.0
furious	0.0	-1.0	0.0	0.0	0.0	0.0
lighthearted	0.0	0.0	1.0	0.0	0.0	0.0
unsure	0.0	0.0	0.0	-1.0	0.0	0.0
jittery	-1.0	0.0	0.0	0.0	0.0	0.0
bewildered	0.0	0.0	0.0	0.0	-1.0	0.0
energetic	0.0	0.0	0.0	0.0	0.0	1.0
lonely	0.0	0.0	-1.0	0.0	0.0	0.0
sympathetic	0.0	1.0	0.0	0.0	0.0	0.0
exhausted	0.0	0.0	0.0	0.0	0.0	-1.0
powerful	0.0	0.0	0.0	1.0	0.0	0.0
attentive	0.0	0.0	0.0	0.0	1.0	0.0
serene	1.0	0.0	0.0	0.0	0.0	0.0
bad tempered	0.0	-1.0	0.0	0.0	0.0	0.0
joyful	0.0	0.0	1.0	0.0	0.0	0.0
self-doubting	0.0	0.0	0.0	-1.0	0.0	0.0
shaky	-1.0	0.0	0.0	0.0	0.0	0.0
perplexed	0.0	0.0	0.0	0.0	-1.0	0.0
active	0.0	0.0	0.0	0.0	0.0	1.0
downhearted	0.0	0.0	-1.0	0.0	0.0	0.0
agreeable	0.0	1.0	0.0	0.0	0.0	0.0
sluggish	0.0	0.0	0.0	0.0	0.0	-1.0
forceful	0.0	0.0	0.0	1.0	0.0	0.0
able to concentrate	0.0	0.0	0.0	0.0	1.0	0.0
calm	1.0	0.0	0.0	0.0	0.0	0.0
mad	0.0	-1.0	0.0	0.0	0.0	0.0
jolly	0.0	0.0	1.0	0.0	0.0	0.0
uncertain	0.0	0.0	0.0	-1.0	0.0	0.0
anxious	-1.0	0.0	0.0	0.0	0.0	0.0
muddled	0.0	0.0	0.0	0.0	1.0	0.0
ready-to-go	0.0	0.0	0.0	0.0	0.0	1.0
discouraged	0.0	0.0	-1.0	0.0	0.0	0.0
good-natured	0.0	1.0	0.0	0.0	0.0	0.0
weary	0.0	0.0	0.0	0.0	0.0	-1.0
confident	0.0	0.0	0.0	1.0	0.0	0.0
businesslike	0.0	0.0	0.0	0.0	1.0	0.0
relaxed	1.0	0.0	0.0	0.0	0.0	0.0
annoyed	0.0	-1.0	0.0	0.0	0.0	0.0
elated	0.0	0.0	1.0	0.0	0.0	0.0
inadequate	0.0	0.0	0.0	-1.0	0.0	0.0
uneasy	-1.0	0.0	0.0	0.0	0.0	0.0
dazed	0.0	0.0	0.0	0.0	-1.0	0.0
full of pep	0.0	0.0	0.0	0.0	0.0	1.0
gloomy	0.0	0.0	-1.0	0.0	0.0	0.0
affectionate	0.0	1.0	0.0	0.0	0.0	0.0
drowsy	0.0	0.0	0.0	0.0	0.0	-1.0
self-assured	0.0	0.0	0.0	1.0	0.0	0.0
mentally alert	0.0	0.0	0.0	0.0	1.0	0.0
abandoned	0.27899999999999997	0.0	-0.721	0.0	0.0	0.0
able	0.10300000000000001	0.037000000000000005	0.0	0.664	0.047	0.149
absorbed	0.0	0.0	0.0	0.0	1.0	0.0
abusive	0.0	-1.0	0.0	0.0	0.0	0.0
acceptable	0.0	1.0	0.0	0.0	0.0	0.0
accessible	0.0	0.525	0.0	0.185	0.114	0.177
accomidating	0.0	1.0	0.0	0.0	0.0	0.0
accommodating	0.0	0.985	0.0	0.0	0.015	0.0
accomodating	0.0	0.9940000000000001	0.0	0.0	0.006	0.0
accountable	0.0	0.0	0.0	0.0	1.0	0.0
achey	0.0	0.0	0.0	0.0	0.0	-1.0
aching	0.0	0.0	0.0	0.0	-0.7140000000000001	-0.28600000000000003
achy	0.0	0.0	0.0	-0.045	0.0	-0.955
adaptable	0.0	0.0	0.0	1.0	0.0	0.0
adequate	0.0	0.0	0.0	0.0	0.88	0.12
adrift	0.0	0.0	-1.0	0.0	0.0	0.0
advanced	0.0	0.0	0.0	0.9079999999999999	0.092	0.0
adventurous	0.0	0.0	0.0	0.715	0.0	0.285
affirmative	0.0	0.0	0.0	0.0	0.0	1.0
afflicted	0.0	0.0	-0.9369999999999999	-0.063	0.0	0.0
afraid	-0.221	-0.053	-0.063	-0.512	-0.136	-0.015
aged	0.0	0.0	0.0	0.0	0.0	-1.0
aggressive	-0.099	-0.213	0.0	0.543	0.0	0.145
agile	0.0	0.0	0.0	0.6299999999999999	0.14300000000000002	0.22699999999999998
agitated	-0.305	-0.38	0.0	0.0	-0.316	0.0
alarmed	-0.084	-0.7759999999999999	0.0	0.0	-0.14	0.0
alert	0.07100000000000001	0.0	0.0	0.021	0.266	0.579
alive	0.0	0.0	0.0	0.41500000000000004	0.0	0.5850000000000001
almighty	0.0	0.0	0.0	1.0	0.0	0.0
alone	-0.028	0.0	-0.636	0.0	-0.14200000000000002	-0.19399999999999998
amazed	0.0	-0.026000000000000002	0.161	0.0	-0.7440000000000001	0.0
ambiguous	0.0	0.0	0.0	-0.866	-0.134	0.0
ambitious	0.0	0.0	0.0	0.8150000000000001	0.0	0.185
amiable	0.0	0.5489999999999999	0.0	0.0	0.451	0.0
amorous	0.0	1.0	0.0	0.0	0.0	0.0
animated	0.0	0.0	0.0	0.0	0.6709999999999999	0.32899999999999996
appreciative	0.0	0.494	0.0	0.0	0.506	0.0
apprehensive	-0.858	0.0	-0.142	0.0	0.0	0.0
approachable	0.0	0.9840000000000001	0.0	0.016	0.0	0.0
apt	0.0	0.0	0.0	1.0	0.0	0.0
arousing	0.0	0.0	0.0	0.0	0.0	1.0
arty	0.0	0.0	0.0	0.0	0.0	1.0
ashamed	0.0	-0.627	-0.326	0.0	-0.048	0.0
asleep	0.0	0.0	0.0	0.0	0.0	-1.0
assertive	0.023	0.0	0.0	0.936	0.0	0.042
assured	0.016	0.0	0.0	0.9840000000000001	0.0	0.0
astonished	0.0	-0.11199999999999999	0.0	0.0	-0.888	0.0
athletic	0.0	0.0	0.0	0.735	0.0	0.265
attacked	0.0	-1.0	0.0	0.0	0.0	0.0
attractive	0.079	0.11699999999999999	0.0	0.451	0.11900000000000001	0.188
audacious	0.0	0.0	0.0	1.0	0.0	0.0
auspicious	0.0	0.0	0.0	1.0	0.0	0.0
authentic	0.0	0.0	0.0	1.0	0.0	0.0
avid	0.0	0.0	0.0	0.0	0.0	1.0
awake	0.025	-0.129	0.0	0.0	0.0	0.846
aware	0.0	0.0	0.0	0.0	0.179	0.821
awesome	0.0	0.0	0.0	1.0	0.0	0.0
awkward	-0.28700000000000003	0.0	0.0	-0.484	-0.228	0.0
bad	0.0	0.0	-1.0	0.0	0.0	0.0
baffled	0.0	0.0	0.0	0.0	-1.0	0.0
balanced	0.05	0.0	0.0	0.827	0.12300000000000001	0.0
bald	0.0	0.0	0.0	1.0	0.0	0.0
balmy	1.0	0.0	0.0	0.0	0.0	0.0
bankrupt	0.0	0.0	0.0	0.0	0.0	-1.0
befuddled	0.0	0.0	0.0	0.0	-1.0	0.0
beligerent	0.0	0.0	0.0	1.0	0.0	0.0
beneficial	0.0	0.094	0.0	0.701	0.20600000000000002	0.0
benevolent	1.0	0.0	0.0	0.0	0.0	0.0
benighted	0.0	0.0	-0.23600000000000002	0.0	0.0	-0.764
bitter	0.0	-0.838	-0.11299999999999999	0.019000000000000003	-0.017	0.0
bleeding	0.0	0.0	0.0	0.0	-0.31	-0.69
blind	0.0	-1.0	0.0	0.0	0.0	0.0
blissful	1.0	0.0	0.0	0.0	0.0	0.0
bloated	0.0	-0.36200000000000004	0.0	0.0	0.0	-0.638
blue	0.018000000000000002	0.0	-0.7859999999999999	0.185	0.0	-0.01
bored	-0.003	-0.026000000000000002	-0.42900000000000005	0.0	-0.013999999999999999	-0.527
boring	0.07200000000000001	0.0	-0.359	-0.145	0.0	-0.425
bothered	0.0	0.0	0.0	0.0	-1.0	0.0
bothersome	0.0	0.0	-1.0	0.0	0.0	0.0
brash	0.0	0.0	0.0	1.0	0.0	0.0
brassy	0.0	0.0	0.0	1.0	0.0	0.0
brave	0.0	0.0	0.027999999999999997	0.9350000000000002	0.005	0.032
breathless	0.0	0.0	0.0	-0.242	0.0	-0.758
bright	0.047	0.054000000000000006	0.5720000000000001	0.18	0.0	0.148
brilliant	0.0	0.0	0.0	0.952	0.0	0.047
brisk	0.0	0.49200000000000005	0.0	0.0	0.32899999999999996	0.17800000000000002
brittle	0.0	0.0	0.0	-1.0	0.0	0.0
broad	0.0	0.0	0.0	1.0	0.0	0.0
broken	0.0	0.0	-0.662	-0.33799999999999997	0.0	0.0
bullied	0.0	0.0	0.0	-1.0	0.0	0.0
burned	0.0	0.0	0.0	0.0	0.0	-1.0
burnt	0.0	-1.0	0.0	0.0	0.0	0.0
busy	0.0	0.02	0.021	0.0	0.0	0.55
calming	1.0	0.0	0.0	0.0	0.0	0.0
capable	0.0	0.027999999999999997	0.0	0.894	0.053	0.024
captivating	0.0	0.0	0.0	1.0	0.0	0.0
carefree	0.769	0.0	0.231	0.0	0.0	0.0
careful	0.0	0.0	0.0	0.0	1.0	0.0
caring	0.0	0.7909999999999999	0.0	0.08199999999999999	0.127	0.0
carrying	0.0	0.0	0.0	0.0	0.0	1.0
casual	0.5710000000000001	0.406	0.0	0.0	0.0	0.023
cautious	0.382	0.0	0.0	-0.618	0.0	0.0
challenging	0.0	0.0	0.0	0.467	0.0	0.5329999999999999
charismatic	0.0	0.0	0.0	0.9810000000000001	0.0	0.019
charitable	0.0	0.0	0.0	1.0	0.0	0.0
chatty	0.0	1.0	0.0	0.0	0.0	0.0
cheeky	0.0	0.0	0.0	1.0	0.0	0.0
cheesy	0.0	0.0	0.0	-1.0	0.0	0.0
chimerical	0.0	0.0	0.0	-1.0	0.0	0.0
civil	0.31	0.364	-0.326	0.0	0.0	0.0
clamorous	-1.0	0.0	0.0	0.0	0.0	0.0
clear	0.25099999999999995	0.004	0.0	0.6350000000000001	0.08199999999999999	0.028999999999999998
clever	0.0	0.077	0.0	0.5489999999999999	0.0	0.373
clogged	0.0	0.0	0.0	0.0	0.0	-1.0
close	-0.094	0.05	0.0	0.126	0.0	0.7310000000000001
cloudy	0.15	0.0	-0.8500000000000001	0.0	0.0	0.0
clumsy	-0.175	0.0	0.0	-0.825	0.0	0.0
cocky	0.0	0.0	0.0	1.0	0.0	0.0
cogent	0.0	0.0	0.0	1.0	0.0	0.0
cohesive	0.0	0.0	0.0	1.0	0.0	0.0
cold	0.023	-0.01	-0.42600000000000005	-0.021999999999999992	0.0	-0.451
collapsed	0.72	0.0	0.0	0.0	0.0	-0.28
collected	1.0	0.0	0.0	0.0	0.0	0.0
collective	1.0	0.0	0.0	0.0	0.0	0.0
collegial	0.0	1.0	0.0	0.0	0.0	0.0
colorful	0.0	0.025	0.0	0.49	0.0	0.485
colourful	0.0	0.0	0.06	0.316	0.0	0.625
comely	0.0	0.0	1.0	0.0	0.0	0.0
comfortable	0.463	0.068	0.005	0.44699999999999995	0.016	0.0
committed	0.0	0.0	0.0	0.315	0.0	0.685
compact	0.031	0.052000000000000005	0.0	0.6270000000000001	0.29100000000000004	0.0
compelling	-0.012	0.0	0.0	0.976	0.0	0.012
competent	0.036000000000000004	0.17800000000000002	0.0	0.6900000000000001	0.095	0.0
competitive	0.0	0.0	0.0	0.09	0.807	0.10300000000000001
complete	0.040999999999999995	0.0	0.0	0.8830000000000001	0.076	0.0
complex	0.02	0.0	0.0	0.058999999999999976	-0.063	0.314
complicated	0.0	0.0	0.0	-0.815	-0.185	0.0
comprehensive	0.0	0.0	0.0	0.868	0.12	0.012
concentrated	0.0	0.0	0.0	0.209	0.7909999999999999	0.0
concerned	-0.12	0.051	0.0	0.0	-0.7809999999999999	0.048
conducive	0.727	0.273	0.0	0.0	0.0	0.0
confounded	0.0	0.0	0.0	0.0	-1.0	0.0
confusing	-0.026000000000000002	0.0	-0.183	-0.186	-0.458	0.0
congenial	0.446	0.5539999999999999	0.0	0.0	0.0	0.0
conscious	0.0	0.0	0.0	0.0	0.0	1.0
considerate	0.043	0.856	0.10099999999999999	0.0	0.0	0.0
consistent	0.011000000000000001	0.03	0.0	0.8260000000000001	0.11599999999999999	0.017
contemporary	0.431	0.0	0.0	0.569	0.0	0.0
content	0.6339999999999999	0.0	-0.005999999999999998	0.055999999999999994	0.0	0.0
contented	0.187	0.0	0.158	0.0	0.655	0.0
continuous	0.0	0.0	0.0	0.713	0.0	0.287
contradictory	0.0	0.0	0.0	-0.362	-0.637	0.0
contributing	0.0	0.0	0.0	0.0	0.0	1.0
controlled	1.0	0.0	0.0	0.0	0.0	0.0
controlling	0.0	0.0	0.0	0.0	1.0	0.0
controversial	0.0	0.0	0.0	-0.21	0.0	0.0
convenient	0.014000000000000002	0.028999999999999998	0.0	0.42700000000000005	0.53	0.0
convivial	1.0	0.0	0.0	0.0	0.0	0.0
cool	0.6980000000000001	0.052000000000000005	0.0	0.207	0.040999999999999995	0.0
cooperative	0.193	0.807	0.0	0.0	0.0	0.0
cordial	0.0	0.464	0.0	0.0	0.536	0.0
corrupt	0.0	0.287	0.0	-0.713	0.0	0.0
cosy	0.122	0.878	0.0	0.0	0.0	0.0
courageous	0.0	0.0	0.0	0.9990000000000001	0.0	0.0
courteous	0.019	0.42700000000000005	0.0	0.0	0.5539999999999999	0.0
courtious	0.0	1.0	0.0	0.0	0.0	0.0
cowardly	0.0	0.0	0.0	-1.0	0.0	0.0
cozy	0.537	0.46299999999999997	0.0	0.0	0.0	0.0
crabby	0.0	0.0	0.0	0.0	0.0	-1.0
cracked	0.0	0.0	0.0	-1.0	0.0	0.0
cranky	0.0	0.0	0.0	0.0	0.0	-0.999
crazed	0.0	0.0	1.0	0.0	0.0	0.0
creative	0.01	0.0	0.064	0.5139999999999999	0.09699999999999999	0.316
cried	0.0	-0.355	-0.645	0.0	0.0	0.0
crisp	0.0	0.032	0.0	0.41800000000000004	0.043	0.508
cry	0.0	-0.151	-0.8490000000000001	0.0	0.0	0.0
cunning	0.0	0.0	0.0	1.0	0.0	0.0
curious	0.0	0.128	0.066	-0.78	0.0	0.025
cursed	0.0	-0.5770000000000001	-0.423	0.0	0.0	0.0
curtious	0.0	1.0	0.0	0.0	0.0	0.0
cute	0.0	0.479	0.43100000000000005	0.09	0.0	0.0
cynical	0.0	0.0	-0.35	-0.65	0.0	0.0
dappled	0.0	0.0	0.0	0.0	0.0	-1.0
daring	0.0	0.0	0.0	0.935	0.0	0.065
dark	0.008	-0.013000000000000001	-0.8520000000000001	0.11700000000000002	0.0	0.0
darkened	0.0	0.0	-0.474	0.0	-0.526	0.0
dashing	0.0	0.0	0.0	-0.12400000000000011	0.0	0.0
dated	0.0	0.0	0.0	0.0	0.0	-1.0
dead	0.0	-1.0	0.0	0.0	0.0	0.0
decadent	0.0	0.0	0.0	-1.0	0.0	0.0
decisive	0.0	0.0	0.0	1.001	0.0	0.0
declining	0.0	0.0	0.0	-1.0	0.0	0.0
dedicated	-0.063	0.21100000000000002	0.0	0.304	0.0	0.42200000000000004
defenceless	0.0	0.0	0.0	-1.0	0.0	0.0
defensive	0.0	-1.0	0.0	0.0	0.0	0.0
defiant	0.0	-0.33899999999999997	0.0	0.502	0.0	0.159
deficient	0.0	0.0	0.0	-1.0	0.0	0.0
dehydrated	0.0	0.0	0.0	-0.256	0.0	-0.744
deliberate	1.0	0.0	0.0	0.0	0.0	0.0
delicate	0.0	0.0	0.0	1.0	0.0	0.0
delirious	0.0	0.0	0.0	0.0	0.0	-1.0
delusional	0.0	0.0	0.0	0.0	-1.0	0.0
democratic	0.802	0.0	0.0	0.198	0.0	0.0
demoralized	0.0	-0.848	-0.152	0.0	0.0	0.0
dependable	0.0	0.0	0.0	0.802	0.198	0.0
dependant	0.0	0.0	0.0	-1.0	0.0	0.0
deplorable	0.0	0.0	-1.0	0.0	0.0	0.0
deprecated	0.0	0.0	-1.0	0.0	0.0	0.0
depressed	-0.14900000000000002	-0.128	-0.374	-0.004	-0.015	-0.331
depressing	0.0	0.0	-1.0	0.0	0.0	0.0
deprived	-1.0	0.0	0.0	0.0	0.0	0.0
despairing	0.0	-1.0	0.0	0.0	0.0	0.0
desperate	0.0	0.0	-0.7929999999999999	-0.066	0.0	-0.14100000000000001
despised	0.0	0.0	0.0	-1.0	0.0	0.0
despondent	0.0	0.0	-0.256	0.0	-0.7440000000000001	0.0
desponding	0.0	0.0	-1.0	0.0	0.0	0.0
destructive	0.0	-0.79	0.0	0.21	0.0	0.0
detached	0.0	0.0	-1.0	0.0	0.0	0.0
deterred	0.0	0.0	0.0	-1.0	0.0	0.0
devastated	0.0	-0.637	0.0	0.0	-0.363	0.0
devoted	0.0	0.391	0.0	0.0	0.0	0.609
diligent	0.0	0.0	0.0	0.083	0.081	0.836
dim	0.0	0.0	0.0	-0.45299999999999996	-0.547	0.0
diplomatic	0.0	1.0	0.0	0.0	0.0	0.0
disappointed	-0.006	-0.519	-0.337	0.0	-0.11	-0.027999999999999997
disappointing	0.0	0.0	-1.0	0.0	0.0	0.0
discreet	0.0	0.231	0.0	0.0	0.769	0.0
disgusted	0.0	-0.9169999999999999	0.0	0.0	0.0	-0.08199999999999999
disheartening	0.0	0.0	-1.0	0.0	0.0	0.0
dismayed	0.0	-0.8370000000000001	0.0	0.0	-0.162	0.0
disordered	0.0	0.0	0.0	-1.0	0.0	0.0
disorganised	0.0	0.0	0.0	0.0	-1.0	0.0
disorganized	0.0	0.0	0.0	-0.536	-0.46399999999999997	0.0
disorientated	0.0	0.0	0.0	0.0	-0.5	-0.5
disoriented	0.0	0.0	0.0	-0.018000000000000002	-0.9319999999999999	-0.05
dispirited	0.0	0.0	0.0	0.0	0.0	-1.0
displeased	0.0	-1.0	0.0	0.0	0.0	0.0
dissipated	0.0	0.0	0.0	0.0	0.0	-1.0
distinctive	0.034	0.419	0.0	0.548	0.0	0.0
distinguished	0.0	0.0	0.0	1.0	0.0	0.0
distracted	0.0	0.0	0.0	0.0	-0.589	-0.41100000000000003
distraught	0.0	-1.0	0.0	0.0	0.0	0.0
distressed	-0.098	-0.225	0.0	0.0	-0.582	-0.094
disturbed	-0.138	-0.5	0.0	0.0	-0.36200000000000004	0.0
disturbing	0.0	0.0	-0.66	0.34	0.0	0.0
dizzy	0.0	0.0	0.0	-0.722	-0.068	-0.21000000000000002
dominant	0.0	0.0	0.0	1.0	0.0	0.0
dormant	0.0	0.0	0.0	-1.0	0.0	0.0
doubtful	0.0	0.0	0.0	-1.0	0.0	0.0
drained	0.0	0.0	0.0	-0.023	0.0	-0.9760000000000001
dramatic	-0.036000000000000004	0.0	0.0	0.964	0.0	0.0
dreary	0.0	0.0	-1.0	0.0	0.0	0.0
droopy	0.0	0.0	0.0	0.0	0.0	-1.0
drunk	0.0	-0.105	-0.024	0.0	-0.047	-0.825
dull	0.0	0.0	-0.22299999999999998	0.0	-0.361	-0.41700000000000004
durable	0.002	0.0	0.0	0.992	0.006	0.0
dynamic	0.0	0.017	0.0	0.5	0.024	0.438
dysfunctional	0.0	0.0	0.0	-1.0	0.0	0.0
eager	-0.07200000000000001	0.74	0.008	0.077	0.094	0.008
easy	0.023	0.106	0.0	0.737	0.127	0.003
easygoing	0.24	0.76	0.0	0.0	0.0	0.0
economic	0.0	0.0	0.0	0.0	1.0	0.0
economical	0.0	0.0	0.0	0.08900000000000001	0.9109999999999999	0.0
edgy	-0.32199999999999995	0.0	0.0	0.6779999999999999	0.0	0.0
effective	0.0	0.0	0.0	0.21500000000000002	0.757	0.025
elegant	0.166	0.0	0.0	0.644	0.175	0.013999999999999999
eloquent	0.0	0.0	0.0	1.0	0.0	0.0
emaciated	0.0	0.0	0.0	-1.0	0.0	0.0
embarrassed	-0.312	-0.605	0.0	0.0	-0.083	0.0
emotional	0.0	-0.04	0.0	0.42599999999999993	0.0	-0.474
empathetic	0.0	1.0	0.0	0.0	0.0	0.0
empowered	0.127	0.0	0.0	0.8730000000000001	0.0	0.0
empowering	0.0	0.0	0.0	1.0	0.0	0.0
empty	0.0	0.0	-0.974	0.0	-0.027000000000000003	0.0
encouraged	0.0	0.0	0.254	0.0	0.0	0.0
enduring	0.0	0.0	0.0	1.0	0.0	0.0
energized	0.614	0.0	0.0	0.386	0.0	0.0
engage	0.667	0.0	0.0	0.0	0.0	0.33299999999999996
engaged	0.0	0.0	0.0	0.0	0.034	0.966
engaging	0.0	0.151	0.023	0.09	0.0	0.736
engrossing	0.0	0.0	0.0	1.0	0.0	0.0
enigmatic	0.0	0.0	0.0	0.0	0.0	1.0
enjoyable	0.504	0.071	0.105	0.0	0.142	0.179
enormous	0.0	0.0	0.0	1.0	0.0	0.0
entangled	0.0	0.0	0.0	0.0	-1.0	0.0
enterprising	0.0	0.0	0.0	0.514	0.0	0.485
entertaining	0.0	0.057999999999999996	0.0	0.07400000000000001	0.0	0.8679999999999999
enthusiastic	0.028999999999999998	0.179	0.0	0.133	0.0	0.658
entrancing	0.0	0.0	0.0	1.0	0.0	0.0
equipped	0.629	0.0	0.0	0.0	0.371	0.0
equitable	0.0	0.0	0.0	0.0	1.0	0.0
erotic	0.0	0.0	0.0	1.0	0.0	0.0
erratic	0.0	-1.0	0.0	0.0	0.0	0.0
essential	0.0	0.0	0.0	1.0	0.0	0.0
evocative	0.0	0.0	0.0	1.0	0.0	0.0
exalted	0.0	0.0	0.0	1.0	0.0	0.0
excellent	0.0	0.556	0.0	0.121	0.32299999999999995	0.0
excited	-0.909	-0.002	-0.015000000000000001	0.055	-0.004	-0.004
exciting	-0.094	0.02	0.0030000000000000027	0.238	0.0	0.6149999999999999
exhilarated	0.0	0.0	0.0	0.779	0.0	-0.221
exhilarating	0.0	0.0	0.0	1.0	0.0	0.0
exotic	1.0	0.0	0.0	0.0	0.0	0.0
expectant	-1.0	0.0	0.0	0.0	0.0	0.0
expeditious	0.0	0.0	0.0	0.0	1.0	0.0
experienced	0.0	0.435	0.0	0.393	0.031	0.14100000000000001
explicit	0.0	0.0	0.0	1.0	0.0	0.0
explosive	0.0	0.0	0.0	1.0	0.0	0.0
exuberant	0.0	0.0	1.0	0.0	0.0	0.0
faded	0.0	0.0	0.0	0.0	0.0	-1.0
faint	0.0	0.0	0.0	-0.21	0.0	-0.79
fair	0.039	0.034	0.0	0.055999999999999994	0.871	0.0
faithful	0.0	0.0	0.0	0.511	0.055	0.434
famished	0.0	0.0	0.0	0.0	0.0	-1.0
famous	0.0	0.0	0.0	0.46799999999999997	0.0	0.532
fantastic	0.0	0.32	0.68	0.0	0.0	0.0
fascinating	0.0	0.067	-0.066	0.5579999999999999	0.0	0.309
fast	0.0	0.048	0.0	0.254	0.68	0.011000000000000003
faster	0.0	0.0	0.0	0.24	0.76	0.0
fearful	-0.674	-0.196	0.0	-0.069	-0.061	0.0
fearless	0.0	0.0	0.0	1.0	0.0	0.0
feasible	0.0	0.18	0.0	0.0	0.644	0.17600000000000002
feeble	0.0	0.0	0.0	-1.0	0.0	0.0
festive	0.0	0.535	0.0	0.0	0.0	0.465
fickle	0.0	0.0	0.0	-1.0	0.0	0.0
fidgety	-1.0	0.0	0.0	0.0	0.0	0.0
fierce	0.0	-0.207	0.0	0.7929999999999999	0.0	0.0
fiery	0.0	0.0	0.0	1.0	0.0	0.0
fighting	0.0	0.0	0.0	-0.333	0.0	-0.40299999999999997
firm	0.046	0.01	0.0	0.9440000000000001	0.0	0.0
firmly	0.0	0.0	0.0	1.0	0.0	0.0
fit	0.024	0.0	0.0	0.48700000000000004	0.0	0.49
flawed	0.0	0.0	0.0	-1.0	0.0	0.0
flexible	0.006	0.013000000000000001	0.0	0.838	0.14200000000000002	0.001
fluffy	0.0	0.0	0.0	-1.0	0.0	0.0
flushed	-0.287	-0.713	0.0	0.0	0.0	0.0
foolish	0.0	-0.134	0.0	-0.866	0.0	0.0
foolowed	0.0	0.0	0.0	0.0	0.0	-1.0
fought	0.0	0.0	0.0	1.0	0.0	0.0
fragile	0.0	0.0	0.0	-0.8759999999999999	0.0	0.0
fragmented	0.0	0.0	0.0	-1.0	0.0	0.0
frail	0.0	0.0	0.0	-0.945	0.0	-0.055
frank	0.723	0.27699999999999997	0.0	0.0	0.0	0.0
frantic	0.0	-1.0	0.0	0.0	0.0	0.0
fresh	0.07300000000000001	0.006	0.047	0.28	0.027999999999999997	0.564
frightened	-0.096	-0.184	-0.040999999999999995	-0.04	-0.626	-0.013000000000000001
frightening	0.0	0.0	-0.738	0.09300000000000001	0.0	0.0
frisky	0.0	0.0	1.0	0.0	0.0	0.0
fruitless	0.0	0.0	0.0	-1.0	0.0	0.0
frustrated	-0.004	-0.6080000000000001	-0.033	-0.055	-0.17200000000000001	-0.127
frustrating	0.0	0.0	-1.0	0.0	0.0	0.0
fuddled	0.0	0.0	0.0	-1.0	0.0	0.0
fun	0.137	0.33	0.23700000000000002	0.026000000000000002	0.016	0.24799999999999997
functional	0.0	0.0	0.0	0.44899999999999995	0.301	0.25
fundamental	0.0	0.0	0.0	1.0	0.0	0.0
funloving	0.0	0.0	1.0	0.0	0.0	0.0
funny	0.011000000000000001	0.151	-0.726	0.017	0.0	0.038000000000000006
garbled	0.0	0.0	0.0	0.0	-1.0	0.0
gay	0.0	0.0	0.44299999999999995	0.0	0.0	0.557
generous	0.0	0.703	0.0	0.0	0.29600000000000004	0.0
genial	0.0	0.0	1.0	0.0	0.0	0.0
gentle	0.29500000000000004	0.294	0.017	0.2	0.155	0.0
genuine	0.0	0.43700000000000006	0.0	0.563	0.0	0.0
glad	0.0	0.092	0.403	0.0	0.0	-0.212
glassy	1.0	0.0	0.0	0.0	0.0	0.0
glucophage	0.0	0.0	0.0	0.0	0.0	-1.0
good	0.12300000000000001	0.139	0.007	0.48399999999999993	0.068	-0.036
gorgeous	0.0	0.0	0.0	1.0	0.0	0.0
graceful	0.0	0.0	0.0	1.0	0.0	0.0
gracious	0.0	0.66	0.0	0.033	0.307	0.0
granular	0.0	0.0	0.0	1.0	0.0	0.0
grateful	0.0	0.0	1.0	0.0	0.0	0.0
grating	0.0	-1.0	0.0	0.0	0.0	0.0
grave	0.03900000000000001	0.0	-0.6709999999999999	0.0	0.0	0.0
great	0.012	0.292	-0.004000000000000001	0.645	0.030000000000000002	0.006999999999999999
grieve	0.0	0.0	-1.0	0.0	0.0	0.0
gripping	-0.226	0.0	0.0	0.7729999999999999	0.0	0.0
groggy	0.0	0.0	0.0	0.0	-0.122	-0.878
grotesque	0.0	0.0	0.0	0.0	-1.0	0.0
growing	0.0	0.003	0.0	0.9	0.0	0.09600000000000002
grubby	0.0	0.0	0.0	0.0	0.0	-1.0
grumpy	0.0	0.0	0.0	0.0	0.0	-1.0
guilty	-0.11499999999999999	-0.193	-0.379	-0.17800000000000002	-0.135	0.0
gusty	0.0	0.0	0.0	1.0	0.0	0.0
gymnastic	0.0	0.0	0.0	0.0	0.0	1.0
haggard	0.0	0.0	0.0	0.0	0.0	-1.0
handy	0.0	0.0	0.0	0.909	0.091	0.0
happy	0.35100000000000003	0.055999999999999994	-0.05199999999999995	0.181	0.0	0.015000000000000003
hard	-0.02	0.009000000000000001	-0.248	0.605	0.013999999999999999	0.0
harmonious	1.0	0.0	0.0	0.0	0.0	0.0
harrassed	0.0	-1.0	0.0	0.0	0.0	0.0
hateful	0.0	-1.0	0.0	0.0	0.0	0.0
haunting	0.0	0.0	-0.34700000000000003	0.653	0.0	0.0
hazy	0.0	0.0	0.0	-1.0	0.0	0.0
healthy	0.004	0.001	0.001	0.7889999999999999	0.0	0.20500000000000002
heartbreaking	0.0	0.0	-1.0	0.0	0.0	0.0
heartfelt	0.0	0.0	0.0	0.0	0.0	1.0
heartless	0.0	0.0	-1.0	0.0	0.0	0.0
hearty	0.0	0.0	0.0	1.0	0.0	0.0
helpful	0.0	0.9600000000000001	0.005	0.0	0.034	0.001
helpfull	0.0	1.0	0.0	0.0	0.0	0.0
helpless	0.0	-0.19	-0.081	-0.598	-0.087	-0.045
helpul	0.0	1.0	0.0	0.0	0.0	0.0
hoarse	0.0	0.0	0.0	-0.878	0.0	-0.122
hollow	0.0	0.0	0.0	-1.0	0.0	0.0
homely	0.716	0.284	0.0	0.0	0.0	0.0
homesick	0.0	0.0	-1.0	0.0	0.0	0.0
hopeful	-0.034	0.0	0.038000000000000006	0.8640000000000001	0.0	0.0
hopeless	0.0	0.0	-1.0	0.0	0.0	0.0
horny	0.0	-0.535	-0.465	0.0	0.0	0.0
horrible	0.0	0.0	-1.0	0.0	0.0	0.0
horrified	0.0	-0.273	0.0	0.0	-0.727	0.0
hospitable	0.0	1.0	0.0	0.0	0.0	0.0
hostile	0.0	-0.5870000000000001	0.0	0.413	0.0	0.0
hot	-0.004	-0.026000000000000002	0.0	0.157	0.0	-0.762
humanitarian	1.0	0.0	0.0	0.0	0.0	0.0
humiliated	0.0	-0.7609999999999999	0.0	0.0	-0.239	0.0
humorous	0.0	0.226	0.372	0.0	0.0	0.20600000000000002
hung	0.0	-0.5780000000000001	0.0	0.0	-0.265	-0.156
hungover	0.0	0.0	0.0	0.0	0.0	-1.0
hungry	0.0	0.0	0.0	-0.005	0.0	-0.9830000000000001
hurt	0.0	-0.7400000000000001	-0.071	0.0	-0.185	-0.003
hurting	0.0	0.0	0.0	0.0	0.0	-1.0
idiosyncratic	0.0	0.0	0.0	1.0	0.0	0.0
ill	-0.055999999999999994	-0.015	0.0	-0.622	-0.013999999999999999	-0.294
impatient	-0.445	-0.555	0.0	0.0	0.0	0.0
impeccable	0.0	1.0	0.0	0.0	0.0	0.0
implacable	0.0	-1.0	0.0	0.0	0.0	0.0
important	0.0	0.0	0.025	0.842	0.025	0.10800000000000001
impotent	0.0	0.0	0.0	-1.0	0.0	0.0
impressive	0.0	0.0	0.0	1.0	0.0	0.0
impulsive	0.0	0.0	0.0	0.0	0.0	1.0
inaccurate	0.0	0.0	0.0	-1.0	0.0	0.0
inappropriate	0.0	0.0	0.0	-1.0	0.0	0.0
incapable	0.0	0.0	0.0	-1.0	0.0	0.0
inclined	0.0	0.0	0.0	0.0	0.0	-1.0
incompetent	0.0	0.0	0.0	-1.0	0.0	0.0
incomplete	0.0	0.0	0.0	-1.001	0.0	0.0
inconclusive	0.0	0.0	0.0	-1.0	0.0	0.0
inconspicuous	0.0	0.0	0.0	0.0	1.0	0.0
inconvenienced	0.0	-1.0	0.0	0.0	0.0	0.0
indecisive	0.0	0.0	0.0	-1.0	0.0	0.0
indefinite	0.0	0.0	0.0	-1.0	0.0	0.0
independent	0.0	0.0	0.0	0.8640000000000001	0.0	0.136
indignant	0.0	-1.0	0.0	0.0	0.0	0.0
indispensable	0.0	0.0	0.0	1.0	0.0	0.0
ineffective	0.0	0.0	0.0	-1.0	0.0	0.0
ineffectual	0.0	0.0	0.0	-1.0	0.0	0.0
inefficient	0.0	0.0	0.0	-1.0	0.0	0.0
inequitable	0.0	0.0	0.0	-1.0	0.0	0.0
inexperienced	0.0	0.0	0.0	-1.0	0.0	0.0
inferior	0.0	0.0	0.0	-1.0	0.0	0.0
infirm	0.0	0.0	0.0	-1.0	0.0	0.0
influential	0.0	0.0	0.0	0.647	0.0	0.354
informal	0.6459999999999999	0.33799999999999997	0.005	0.0	0.0	0.01
informative	0.0	0.637	0.0	0.02	0.054000000000000006	0.289
informed	0.0	0.008	0.0	0.31	0.016	0.6669999999999999
injured	0.0	-1.0	0.0	0.0	0.0	0.0
innovative	0.0	0.0	0.0	0.709	0.248	0.043000000000000003
inquisitive	-0.5770000000000001	0.28	0.0	0.0	0.0	0.14300000000000002
insecure	-0.27699999999999997	0.0	-0.051	-0.673	0.0	0.0
inspirational	0.0	0.0	0.0	1.0	0.0	0.0
inspiring	0.251	0.0	0.0	0.6890000000000001	0.0	0.06
insufficient	0.0	0.0	0.0	-1.0	0.0	0.0
integrative	0.0	0.0	0.0	1.0	0.0	0.0
intelligent	0.0	0.024	0.5619999999999999	0.235	0.075	0.10400000000000001
intense	0.0	0.0	0.0	0.8999999999999999	0.0	0.1
interested	0.0	0.34400000000000003	0.0	0.0	0.21100000000000002	0.445
interesting	0.0	0.044	-0.038	0.24	0.0	0.678
intimate	0.47100000000000003	0.44	0.0	0.08900000000000001	0.0	0.0
intriguing	0.0	0.0	0.0	0.34600000000000003	0.654	0.0
intuitive	0.0	0.196	0.0	0.72	0.067	0.017
invincible	0.0	0.0	0.0	1.0	0.0	0.0
involved	0.0	0.0	0.0	0.0	0.0	1.0
ironic	0.0	0.0	-1.0	0.0	0.0	0.0
irresolute	-1.0	0.0	0.0	0.0	0.0	0.0
irritable	-0.224	-0.045	0.0	0.0	0.0	-0.731
irritated	0.0	-0.432	0.0	0.0	0.0	-0.568
isolated	0.0	0.0	-0.9119999999999999	-0.037	-0.051	0.0
isolating	0.0	0.0	-1.0	0.0	0.0	0.0
jaded	0.0	0.0	0.0	0.0	0.0	-1.0
jagged	0.0	-1.0	0.0	0.0	0.0	0.0
jingoistic	0.0	-1.0	0.0	0.0	0.0	0.0
jovial	1.0	0.0	0.0	0.0	0.0	0.0
joyous	0.532	0.0	0.183	0.0	0.0	0.0
jumpy	-1.0	0.0	0.0	0.0	0.0	0.0
kind	0.04	0.7699999999999999	0.027	0.041999999999999996	0.121	0.0
knowledgeable	0.0	0.843	0.0	0.091	0.052	0.013999999999999999
lacking	0.0	0.0	0.0	-0.278	-0.057	-0.665
lagging	0.0	0.0	0.0	0.0	0.0	-1.0
lame	0.0	0.0	0.0	-0.7070000000000001	0.0	-0.293
lamentable	0.0	0.0	-1.0	0.0	0.0	0.0
languid	0.0	0.0	0.0	0.0	0.0	-1.0
lasting	0.0	0.0	0.0	0.9730000000000001	0.0	0.027000000000000003
lathargic	0.0	0.0	0.0	0.0	0.0	-1.0
lazy	0.075	0.0	0.0	0.0	0.0	-0.925
legitimate	0.0	0.0	0.0	1.0	0.0	0.0
leisurely	0.41	0.59	0.0	0.0	0.0	0.0
lethargic	0.069	0.0	0.0	-0.023	0.0	-0.908
lewd	0.0	0.0	1.0	0.0	0.0	0.0
light	0.036000000000000004	0.0	0.21099999999999997	0.627	0.025	0.094
lightweight	0.0	0.0	0.0	0.899	0.10099999999999999	0.0
likable	0.0	1.0	0.0	0.0	0.0	0.0
likeable	0.0	0.185	0.0	0.0	0.0	0.815
likely	0.0	0.0	0.0	-0.184	0.0	0.0
limp	0.0	0.0	-0.51	0.0	0.0	-0.49
listless	0.0	0.0	0.0	0.0	0.0	-1.0
livelier	0.0	0.0	0.0	0.0	1.0	0.0
living	0.0	0.0	0.0	0.224	0.0	0.7759999999999999
loathe	0.0	-1.0	0.0	0.0	0.0	0.0
logical	0.35700000000000004	0.0	0.0	0.304	0.33899999999999997	0.0
lonesome	0.0	0.0	-1.0	0.0	0.0	0.0
loose	1.0	0.0	0.0	0.0	0.0	0.0
loud	0.0	-0.163	0.036000000000000004	0.7010000000000001	0.0	0.099
lousy	0.0	0.0	0.0	0.0	0.0	-1.0
love	0.0	0.41	-0.15999999999999998	0.157	-0.062	0.21100000000000002
loved	0.0	1.0	0.0	0.0	0.0	0.0
lovely	0.552	0.306	-0.094	0.0	0.0	0.048
loving	0.11800000000000001	0.581	0.077	0.167	0.022000000000000002	0.034999999999999996
loyal	0.0	0.573	0.0	0.29600000000000004	0.0	0.131
lucid	0.0	0.0	0.0	0.0	0.0	1.0
lush	1.0	0.0	0.0	0.0	0.0	0.0
lusty	0.0	0.0	0.0	1.0	0.0	0.0
luxurious	0.589	0.0	0.0	0.412	0.0	0.0
magical	0.0	0.0	0.0	1.0	0.0	0.0
majestic	0.441	0.0	0.0	0.5589999999999999	0.0	0.0
masculine	0.0	0.0	0.0	0.9920000000000001	0.0	0.008
maternal	0.0	0.0	1.0	0.0	0.0	0.0
meaningful	0.0	0.0	0.0	0.8140000000000001	0.0	0.185
meditative	0.625	0.0	0.0	0.0	0.375	0.0
melodic	0.0	0.0	0.0	1.0	0.0	0.0
melodious	0.0	0.0	1.0	0.0	0.0	0.0
memorable	0.19	0.0	0.0	0.81	0.0	0.0
merry	0.0	-0.303	0.6970000000000001	0.0	0.0	0.0
meticulous	-1.0	0.0	0.0	0.0	0.0	0.0
mighty	0.0	0.0	0.0	1.0	0.0	0.0
mild	0.484	0.516	0.0	0.0	0.0	0.0
minimalist	0.0	0.0	0.0	0.0	1.0	0.0
mischievous	0.0	0.0	1.0	0.0	0.0	0.0
miserable	0.0	0.0	-0.46699999999999997	-0.037000000000000005	0.0	-0.49600000000000005
misinterpreted	0.0	0.0	0.0	0.0	-1.0	0.0
misleading	0.0	0.0	0.0	-1.0	0.0	0.0
misled	0.0	0.0	0.0	0.0	-1.0	0.0
moody	-0.24	-0.33	-0.43	0.0	0.0	0.0
mortal	0.0	0.0	0.0	-1.0	0.0	0.0
mortified	0.0	-1.0	0.0	0.0	0.0	0.0
motivated	0.0	0.0	0.0	0.5660000000000001	0.0	0.434
muscular	0.0	0.0	0.0	1.0	0.0	0.0
mysterious	0.0	0.0	0.0	1.0	0.0	0.0
mystical	0.0	0.0	0.0	1.0	0.0	0.0
mystified	0.0	-0.48	0.0	0.0	-0.52	0.0
natural	0.426	0.046	0.0	0.376	0.111	0.04
nauseous	0.0	0.0	0.0	-0.185	0.0	-0.815
necessary	0.0	0.0	0.0	0.828	0.172	0.0
neighborly	0.0	1.0	0.0	0.0	0.0	0.0
nervousy	-1.0	0.0	0.0	0.0	0.0	0.0
nice	0.249	0.65	0.001	0.068	0.028	0.001
noble	0.0	0.0	0.0	1.0	0.0	0.0
nonviolent	1.0	0.0	0.0	0.0	0.0	0.0
normal	0.5409999999999999	0.0	0.0	0.4600000000000001	0.0	0.0
numb	0.0	0.0	0.0	-1.0	0.0	0.0
obliging	0.0	1.0	0.0	0.0	0.0	0.0
obscure	0.0	0.0	-0.257	-0.32799999999999996	-0.415	0.0
obsolete	0.0	0.0	0.0	-1.0	0.0	0.0
offended	0.0	-1.0	0.0	0.0	0.0	0.0
old	0.0	0.0	-0.015	-0.222	-0.011000000000000001	-0.737
open	0.112	0.622	0.0	0.058	0.037000000000000005	0.164
oppressed	0.0	0.0	0.0	-1.0	0.0	0.0
optimistic	0.0	0.0	0.37	0.63	0.0	0.0
organised	0.0	0.0	0.0	0.0	1.0	0.0
organized	0.12100000000000001	0.0	0.0	0.064	0.8140000000000001	0.0
ornery	0.0	0.0	1.0	0.0	0.0	0.0
outdated	0.0	0.0	0.0	-1.0	0.0	0.0
outgoing	0.0	0.638	0.009999999999999998	0.09	0.0	0.262
outraged	0.0	-0.746	-0.254	0.0	0.0	0.0
overrun	0.0	0.0	0.0	0.0	0.0	-1.0
overweight	0.0	0.0	0.0	-0.452	0.0	-0.5479999999999999
overwhelmed	-0.149	0.0	-0.096	-0.038000000000000006	-0.546	-0.17099999999999999
overwhelming	0.0	0.0	0.0	1.0	0.0	0.0
overworked	0.0	0.0	0.0	0.0	0.0	-1.0
overwrought	-1.0	0.0	0.0	0.0	0.0	0.0
pacific	1.0	0.0	0.0	0.0	0.0	0.0
painful	0.0	0.0	-1.0	0.0	0.0	0.0
pale	-0.22399999999999998	-0.023	-0.20400000000000001	-0.262	0.0	-0.286
panicky	-1.0	0.0	0.0	0.0	0.0	0.0
paralyzed	0.0	0.0	0.0	0.0	-1.0	0.0
paranoid	-1.0	0.0	0.0	0.0	0.0	0.0
partial	0.0	0.0	0.0	-1.0	0.0	0.0
passionate	0.0	0.0	-0.152	0.681	0.0	0.16899999999999998
passive	0.0	0.0	0.0	-0.19699999999999998	0.0	0.8029999999999999
pathetic	0.0	0.0	-0.882	-0.11800000000000001	0.0	0.0
patient	0.577	0.223	0.015	0.094	0.08900000000000001	0.0
peculiar	0.0	0.0	0.0	1.0	0.0	0.0
peeved	0.0	0.0	0.0	0.0	-1.0	0.0
peremptory	0.0	0.0	0.0	1.0	0.0	0.0
persistent	0.0	0.0	0.0	1.0	0.0	0.0
persuasive	0.0	0.0	0.0	1.001	0.0	0.0
pessimistic	0.0	0.0	-0.9999999999999999	0.0	0.0	0.0
petrified	-1.0	0.0	0.0	0.0	0.0	0.0
pissed	0.0	-0.17600000000000002	0.0	0.0	0.0	-0.8240000000000001
pitiful	0.0	0.0	-1.0	0.0	0.0	0.0
placid	1.0	0.0	0.0	0.0	0.0	0.0
plagued	0.0	0.0	0.0	0.0	0.0	-1.0
pleasant	0.297	0.372	0.04	0.002	0.26999999999999996	0.018000000000000002
pleasent	0.0	0.0	0.0	0.0	1.0	0.0
pleasing	0.0	1.0	0.0	0.0	0.0	0.0
poetic	0.0	0.0	0.0	1.0	0.0	0.0
poignant	0.0	0.0	-0.132	0.868	0.0	0.0
polite	0.037000000000000005	0.746	0.002	0.0	0.21400000000000002	0.0
poor	0.0	-0.016	-0.018000000000000002	-0.9109999999999999	0.0	-0.055
popular	0.0	0.055	0.0	0.777	0.027000000000000003	0.14
positive	0.041	0.086	0.11	0.517	0.0	0.247
powerless	0.0	-0.20199999999999999	0.0	-0.798	0.0	0.0
practicable	0.0	0.0	0.0	0.0	1.0	0.0
practical	0.0	0.0	0.01	0.16599999999999998	0.804	0.02
precarious	0.0	0.0	0.0	-1.0	0.0	0.0
precious	0.0	0.359	0.0	-0.6409999999999999	0.0	0.0
prepared	0.079	0.171	0.0	0.75	0.0	0.0
productive	0.014000000000000002	0.0	0.0	0.032	0.759	0.195
professional	0.009000000000000001	0.764	0.0	0.06	0.166	0.0
profitable	0.0	0.0	0.0	0.095	0.905	0.0
profound	0.0	0.0	0.0	0.818	0.182	0.0
progressive	0.0	0.0	0.0	0.12300000000000001	0.0	0.8760000000000001
prominent	0.0	0.0	0.0	0.0	0.0	1.0
promising	0.0	0.0	0.0	1.0	0.0	0.0
prompt	0.0	0.877	0.005	0.0	0.11599999999999999	0.003
proper	0.0	1.0	0.0	0.0	0.0	0.0
prosperous	0.6629999999999999	0.0	0.0	0.32699999999999996	0.0	0.009000000000000001
protective	0.0	-0.389	0.0	0.611	0.0	0.0
proud	0.0	0.0	-0.076	0.8620000000000001	0.0	0.063
provocative	0.0	0.0	0.0	0.7839999999999999	0.0	0.21600000000000003
prudent	0.0	0.0	0.0	0.0	1.0	0.0
punctual	0.0	0.0	0.0	0.0	1.0	0.0
pungent	0.0	0.0	0.0	1.0	0.0	0.0
pure	0.256	0.0	0.0	0.702	0.042	0.0
purposeful	0.465	0.0	0.0	0.535	0.0	0.0
pursued	0.0	0.0	0.0	0.0	0.0	-1.0
pushed	0.0	-1.0	0.0	0.0	0.0	0.0
puzzled	-0.529	0.0	0.0	0.0	-0.47100000000000003	0.0
quaint	0.84	0.16	0.0	0.0	0.0	0.0
querulous	-1.0	0.0	0.0	0.0	0.0	0.0
quick	0.0	0.075	0.0	0.199	0.7080000000000001	0.017
quiet	0.881	0.025	-0.009000000000000001	0.02	0.063	0.0
quirky	0.0	0.0	0.67	0.33	0.0	0.0
radical	0.0	0.0	0.0	1.0	0.0	0.0
rambling	0.0	0.0	0.0	0.0	0.0	-1.0
rapid	0.0	0.0	0.0	-0.0059999999999999915	0.32899999999999996	0.535
rapturous	0.0	0.0	1.0	0.0	0.0	0.0
rational	0.953	0.0	0.0	0.0	0.047	0.0
ready	0.06000000000000001	0.05099999999999999	0.002	0.21299999999999997	0.004	-0.14500000000000002
reasonable	0.644	0.0	0.0	0.055999999999999994	0.225	0.075
reassured	0.0	0.0	0.0	1.0	0.0	0.0
reassuring	0.8370000000000001	0.163	0.0	0.0	0.0	0.0
rebellious	0.0	-1.0	0.0	0.0	0.0	0.0
receptive	0.12	0.642	0.0	0.0	0.23800000000000002	0.0
reckless	0.0	0.0	0.0	1.0	0.0	0.0
refined	0.303	0.0	0.0	0.6970000000000001	0.0	0.0
reflective	0.132	0.0	-0.376	0.0	0.0	0.49200000000000005
refreshed	0.9580000000000001	0.0	0.0	0.008	0.0	0.034
refreshing	0.6	0.0	0.0	0.073	0.0	0.326
relaxing	0.852	0.12	0.028999999999999998	0.0	0.0	0.0
reliable	0.003	0.052000000000000005	0.0	0.265	0.677	0.003
relieved	0.0	0.0	0.192	0.0	0.0	0.0
remarkable	0.0	0.0	0.0	1.0	0.0	0.0
resentful	0.0	-1.0	0.0	0.0	0.0	0.0
resilient	0.061	0.0	0.0	0.9390000000000001	0.0	0.0
resistant	0.0	0.0	0.0	1.0	0.0	0.0
resolute	0.397	-0.011000000000000001	0.0	0.592	0.0	0.0
resourceful	0.0	0.0	0.0	0.838	0.0	0.162
respectful	0.118	0.532	0.0	0.0	0.35	0.0
responsible	0.0	0.052000000000000005	0.0	0.057999999999999996	0.099	0.7909999999999999
responsive	0.038	0.27899999999999997	0.0	0.111	0.524	0.048
rested	0.9420000000000001	0.0	0.0	0.0	0.0	-0.057999999999999996
restful	1.0	0.0	0.0	0.0	0.0	0.0
restless	-0.822	0.0	0.0	0.0	0.0	-0.09599999999999999
revengeful	0.0	-1.0	0.0	0.0	0.0	0.0
revolutionary	0.0	0.0	0.0	1.0	0.0	0.0
rich	0.0	0.0	0.0	0.963	0.0	-0.003999999999999999
rigid	0.0	0.0	0.0	1.0	0.0	0.0
risky	0.0	0.0	0.0	-0.37599999999999995	0.0	0.0
riveting	0.0	0.0	0.0	1.0	0.0	0.0
robbed	0.0	0.0	0.0	-1.0	0.0	0.0
rocky	0.0	0.0	0.0	0.14400000000000007	0.0	0.0
romantic	0.389	0.42100000000000004	-0.09199999999999998	0.0	0.0	0.0
rosy	0.09	0.0	0.0	0.91	0.0	0.0
rugged	0.0	0.0	0.0	1.0	0.0	0.0
rundown	0.0	0.0	0.0	0.0	0.0	-1.0
saddened	0.0	-1.0	0.0	0.0	0.0	0.0
safe	0.279	0.174	0.009000000000000001	0.14400000000000002	0.365	0.029000000000000005
sanguine	0.0	0.0	1.0	0.0	0.0	0.0
satyrical	0.0	0.0	-1.0	0.0	0.0	0.0
savvy	0.0	0.0	0.0	0.0	0.0	1.0
scalable	0.0	0.0	0.0	0.509	0.491	0.0
scared	-0.327	-0.07200000000000001	-0.198	-0.009000000000000001	-0.376	-0.018
scary	0.0	0.0	-0.6519999999999999	-0.348	0.0	0.0
scattered	0.0	0.0	0.0	-0.052000000000000005	0.0	-0.948
scolded	0.0	-1.0	0.0	0.0	0.0	0.0
secluded	1.0	0.0	0.0	0.0	0.0	0.0
secure	0.10400000000000001	0.013999999999999999	0.0	0.749	0.133	0.0
senitive	0.0	1.0	0.0	0.0	0.0	0.0
senseless	0.0	-1.0	0.0	0.0	0.0	0.0
sensible	0.5920000000000001	0.0	0.0	0.0	0.17	0.23800000000000002
sensitive	-0.026000000000000002	0.20500000000000002	0.0	0.30799999999999994	0.174	-0.22899999999999998
serious	0.135	0.225	0.13499999999999998	0.084	0.0	0.0
sexy	0.022000000000000002	0.0	0.063	0.915	0.0	0.0
shaken	0.0	-1.0	0.0	0.0	0.0	0.0
shaking	-0.344	-0.226	0.0	-0.429	0.0	0.0
shallow	0.379	0.0	0.0	-0.228	0.0	0.0
shameful	0.0	0.0	-1.0	0.0	0.0	0.0
sharp	0.0	-0.043	0.0	0.8490000000000001	0.0	0.10800000000000001
shit	-0.48700000000000004	-0.212	0.0	0.0	0.0	0.0
shocked	0.0	-0.3940000000000001	-0.15200000000000002	0.0	-0.264	-0.154
shocking	0.0	0.0	-0.9329999999999999	0.067	0.0	0.0
shrewd	0.0	0.0	0.0	0.0	0.0	1.0
shy	-0.37	0.0	-0.099	-0.531	0.0	0.0
sick	-0.003	-0.021	-0.22199999999999998	-0.434	0.0	-0.32000000000000006
sickening	0.0	0.0	-1.0	0.0	0.0	0.0
significant	0.0	0.0	0.0	0.9999999999999999	0.0	0.0
silent	0.07300000000000001	0.0	-0.064	0.089	0.764	0.0
simple	0.062000000000000006	0.055999999999999994	0.011000000000000001	0.8100000000000002	0.05	0.0
simpler	0.0	0.0	0.0	0.0	1.0	0.0
sincere	0.0	0.763	0.0	0.19899999999999998	0.0	0.037000000000000005
sinful	0.0	0.0	0.0	-1.0	0.0	0.0
sitting	0.0	0.0	0.0	0.0	1.0	0.0
skillful	0.0	0.0	0.0	0.0	1.0	0.0
skinny	0.0	0.0	0.0	-0.633	0.0	-0.36700000000000005
sleep	0.0	0.0	0.0	0.0	0.0	-1.0
sleeping	0.0	0.0	0.0	0.0	0.0	-1.0
sleepy	-0.0040000000000000036	-0.054000000000000006	0.0	0.0	0.0	-0.736
slouching	0.0	0.0	0.0	0.0	0.0	-1.0
slow	0.16999999999999998	0.0	-0.013999999999999999	-0.33599999999999997	-0.011000000000000001	-0.446
smart	0.0	0.091	0.011000000000000001	0.561	0.305	0.011000000000000001
smiling	0.45499999999999996	0.42200000000000004	0.10400000000000001	0.0	0.019	0.0
smooth	0.117	0.039	0.0	0.42400000000000004	0.413	0.006999999999999999
sobering	0.0	0.0	-0.447	0.5529999999999999	0.0	0.0
socail	0.0	1.0	0.0	0.0	0.0	0.0
sociable	0.032	0.85	0.094	0.0	0.0	0.024
social	0.0	0.7829999999999999	0.0	0.0	0.0	0.217
soft	0.15600000000000003	0.078	-0.095	-0.03300000000000003	0.0	0.0
solemn	0.0	0.0	-0.715	0.285	0.0	0.0
solid	0.059000000000000004	0.06	0.0	0.653	0.0	0.226
solitary	0.0	0.0	-1.0	0.0	0.0	0.0
soothing	0.9999999999999999	0.0	0.0	0.0	0.0	0.0
sophisticated	0.0	0.0	0.0	0.99	0.011000000000000001	0.0
sore	0.0	-0.043	-0.019	-0.004	0.0	-0.933
sorrowful	0.0	0.0	-1.0	0.0	0.0	0.0
sorry	0.0	-0.13699999999999998	-0.863	0.0	0.0	0.0
sound	0.0	0.027999999999999997	0.0	0.909	0.064	0.0
spacious	0.35	0.128	0.0	0.522	0.0	0.0
speculative	0.0	0.0	0.0	-1.0	0.0	0.0
speedy	0.0	0.488	0.0	0.057	0.455	0.0
spent	0.0	0.0	0.0	0.0	0.0	-1.0
spirited	0.0	0.272	0.0	0.0	0.0	0.728
spiritless	0.0	0.0	0.0	-1.0	0.0	0.0
spleeny	0.0	0.0	-1.0	0.0	0.0	0.0
splendid	0.0	0.0	0.0	1.0	0.0	0.0
sporadic	0.0	0.0	0.0	-1.0	0.0	0.0
sporty	0.0	0.0	0.0	0.0	0.0	1.0
squeamish	0.0	0.0	0.0	-1.0	0.0	0.0
stable	0.195	0.0	0.0	0.639	0.138	0.027999999999999997
stark	0.0	0.0	0.0	1.0	0.0	0.0
steadfast	0.0	0.0	0.0	1.0	0.0	0.0
steady	0.192	0.0	0.0	0.809	0.0	0.0
stiff	0.0	0.0	0.0	0.454	0.0	-0.502
stirring	0.0	0.0	0.0	1.0	0.0	0.0
stouthearted	0.0	0.0	0.0	1.0	0.0	0.0
straightforward	0.16399999999999998	0.0	0.0	0.23900000000000002	0.597	0.0
streamlined	0.0	0.0	0.0	0.069	0.9309999999999999	0.0
stressed	-0.23399999999999999	-0.009000000000000001	0.0	0.0	0.0	-0.756
stressful	-0.249	0.0	-0.7509999999999999	0.0	0.0	0.0
striking	0.0	0.0	0.0	1.0	0.0	0.0
struck	0.0	-1.0	0.0	0.0	0.0	0.0
studious	0.0	0.0	0.0	0.0	1.0	0.0
stunned	0.0	-0.377	-0.040999999999999995	0.0	-0.581	0.0
stunning	0.0	0.34700000000000003	0.0	0.653	0.0	0.0
stupid	0.0	0.0	-0.024	-0.7229999999999999	-0.13699999999999998	-0.11599999999999999
sturdy	0.0	0.0	0.0	1.0	0.0	0.0
successful	0.004	0.0	0.0	0.068	0.887	0.040999999999999995
suffered	0.0	0.0	0.0	-1.0	0.0	0.0
suffering	0.0	0.0	0.0	-0.303	0.0	-0.6970000000000001
suicidal	0.0	-1.0	0.0	0.0	0.0	0.0
suitable	0.0	0.0	0.0	0.0	1.0	0.0
sullen	0.0	-0.625	-0.375	0.0	0.0	0.0
sunburned	0.0	0.0	0.0	0.0	0.0	-1.0
super	0.0	0.0	0.0	1.0	0.0	0.0
supple	0.0	0.0	0.0	0.22199999999999998	0.0	0.0
supportive	0.018000000000000002	0.877	0.0	0.064	0.0	0.04
surprised	-0.013000000000000001	-0.45400000000000007	0.095	0.0	-0.397	0.0
surprising	-0.45299999999999996	0.0	-0.547	0.0	0.0	0.0
susceptible	0.0	0.0	0.0	-1.0	0.0	0.0
suspenseful	-1.0	0.0	0.0	0.0	0.0	0.0
sustainable	0.0	0.14300000000000002	0.0	0.278	0.579	0.0
sustained	0.0	0.0	0.0	1.0	0.0	0.0
sweating	-0.266	0.0	0.0	0.0	0.0	-0.7340000000000001
sweaty	-0.061	0.0	0.0	-0.07	0.0	-0.8689999999999999
sweet	0.15	0.433	-0.033	0.176	0.009000000000000001	0.0
swift	0.0	-0.138	0.0	0.41600000000000004	0.313	0.0
talented	0.0	0.0	0.0	0.147	0.0	0.8540000000000001
talkative	0.0	0.9500000000000001	0.05	0.0	0.0	0.0
tasty	0.0	0.0	0.0	1.0	0.0	0.0
tearful	-0.597	0.0	-0.40299999999999997	0.0	0.0	0.0
tender	0.0	0.391	0.073	0.363	0.0	0.0
terrified	0.0	-0.22	0.0	0.0	-0.78	0.0
terse	-1.0	0.0	0.0	0.0	0.0	0.0
thankful	0.0	0.0	1.0	0.0	0.0	0.0
thirsty	0.0	0.0	-0.14	0.0	0.0	-0.86
thoughtful	0.174	0.078	-0.225	0.071	0.071	0.382
thready	0.0	0.0	0.0	-1.0	0.0	0.0
threatened	0.0	-0.793	0.0	-0.207	0.0	0.0
thrilling	0.418	0.0	0.0	0.0	0.0	0.5820000000000001
thriving	0.0	0.0	0.0	0.297	0.0	0.7030000000000001
thwarted	0.0	-1.0	0.0	0.0	0.0	0.0
tight	-0.451	0.0	0.0	0.43600000000000005	0.023	0.09
tinny	0.0	0.0	0.0	-1.0	0.0	0.0
tireless	0.0	0.0	0.0	1.0	0.0	0.0
tolerant	0.579	0.309	0.0	0.0	0.111	0.0
tore	0.0	-1.0	0.0	0.0	0.0	0.0
touching	0.0	0.0	-0.631	0.369	0.0	0.0
tough	-0.03	0.0	-0.012	0.9580000000000001	0.0	0.0
tragic	0.0	0.0	-1.0	0.0	0.0	0.0
tranquil	1.0	0.0	0.0	0.0	0.0	0.0
transformational	0.0	0.0	0.0	1.0	0.0	0.0
transparent	0.0	0.0	0.0	0.053	0.9470000000000001	0.0
traumatized	0.0	0.0	0.0	0.0	0.0	-1.0
trembling	0.0	0.0	0.0	-1.0	0.0	0.0
trivial	0.0	0.0	0.0	-1.0	0.0	0.0
troubled	-0.239	0.0	0.0	0.0	-0.554	-0.207
trustworthy	0.0	0.591	0.0	0.27399999999999997	0.135	0.0
tyrannous	0.0	0.0	0.0	1.0	0.0	0.0
unable	0.0	0.0	0.0	-0.472	-0.158	-0.37
unacceptable	0.0	0.0	-0.086	-0.914	0.0	0.0
unafraid	0.0	0.0	0.0	1.0	0.0	0.0
unarmed	0.521	0.0	0.0	-0.479	0.0	0.0
unclear	0.0	0.0	0.0	-0.778	-0.222	0.0
uncomfortable	-0.7649999999999999	0.0	0.0	-0.075	-0.083	-0.078
unconvincing	0.0	0.0	0.0	-1.0	0.0	0.0
uncouth	0.0	-1.0	0.0	0.0	0.0	0.0
undecided	-1.0	0.0	0.0	0.0	0.0	0.0
undefeated	0.0	0.0	1.0	0.0	0.0	0.0
understanding	0.08199999999999999	0.9189999999999999	0.0	0.0	0.0	0.0
uneventful	1.0	0.0	0.0	0.0	0.0	0.0
unfair	0.0	0.0	0.0	-1.0	0.0	0.0
unforgettable	0.0	0.0	0.0	1.0	0.0	0.0
unfortunate	0.0	0.0	-1.0	0.0	0.0	0.0
unfulfilled	0.0	0.0	0.0	-1.0	0.0	0.0
ungrateful	-1.0	0.0	0.0	0.0	0.0	0.0
unhappy	-0.258	-0.081	-0.48300000000000004	0.0	-0.154	-0.024
unintelligible	0.0	0.0	0.0	0.0	-1.0	0.0
unique	-0.033	0.006999999999999999	0.0	0.9279999999999999	0.024	0.008
universal	0.0	0.0	0.0	1.0	0.0	0.0
unobtrusive	0.528	0.165	0.0	0.0	0.307	0.0
unpleasant	0.0	0.0	-1.0	0.0	0.0	0.0
unpredictable	0.0	0.0	0.0	-1.0	0.0	0.0
unpretentious	0.237	0.763	0.0	0.0	0.0	0.0
unreliable	0.0	0.0	0.0	-1.0	0.0	0.0
unresponsive	0.0	0.0	0.0	0.0	0.0	-1.0
unrestrained	-1.0	0.0	0.0	0.0	0.0	0.0
unruffled	1.0	0.0	0.0	0.0	0.0	0.0
unsafe	-0.40399999999999997	0.0	0.0	-0.596	0.0	0.0
unsatisfactory	0.0	0.0	0.0	-1.0	0.0	0.0
unscrupulous	0.0	0.0	0.0	1.0	0.0	0.0
unsecured	0.0	0.0	0.0	-1.0	0.0	0.0
unselfish	0.0	1.0	0.0	0.0	0.0	0.0
unsettled	0.0	0.0	0.0	0.0	0.0	-1.0
unsettling	0.0	0.0	0.0	1.0	0.0	0.0
unstable	-0.113	0.0	0.0	-0.6890000000000001	0.0	-0.19899999999999998
unsteady	0.0	0.0	0.0	-1.0	0.0	0.0
unstrung	-1.0	0.0	0.0	0.0	0.0	0.0
untenable	0.0	0.0	0.0	-1.0	0.0	0.0
upbeat	0.068	0.27399999999999997	0.08199999999999999	0.027000000000000003	0.13699999999999998	0.41200000000000003
uplifting	0.0	0.0	-0.212	0.114	0.0	0.674
upright	0.0	0.0	0.0	0.593	0.0	0.40700000000000003
upset	-0.016999999999999998	-0.786	-0.036000000000000004	0.0	-0.149	-0.012
useful	0.0	0.029	0.0	0.542	0.327	0.103
useless	0.0	0.0	-0.027999999999999997	-0.971	0.0	0.0
vacant	1.0	0.0	0.0	0.0	0.0	0.0
vacillating	0.0	0.0	0.0	-1.0	0.0	0.0
vague	0.0	0.0	0.0	-0.96	-0.039	0.0
vain	0.0	0.0	0.0	-1.0	0.0	0.0
valiant	0.0	0.0	0.0	1.0	0.0	0.0
valuable	0.0	0.0	0.0	0.795	0.158	0.047
vaporish	-1.0	0.0	0.0	0.0	0.0	0.0
variable	0.0	0.0	0.0	-1.0	0.0	0.0
vengeful	0.0	-1.0	0.0	0.0	0.0	0.0
versatile	0.002	0.005	0.0	0.9740000000000001	0.019	0.002
vexed	0.0	-1.0	0.0	0.0	0.0	0.0
vibrant	0.011000000000000001	0.019	0.003	0.465	0.004	0.49899999999999994
vigilant	0.0	0.0	0.0	0.098	0.057999999999999996	0.8440000000000001
vile	0.0	0.0	0.0	-1.0	0.0	0.0
violated	0.0	-1.0	0.0	0.0	0.0	0.0
violent	-0.27899999999999997	-0.584	-0.13699999999999998	0.0	0.0	0.0
virile	0.0	0.0	0.0	1.0	0.0	0.0
vivacious	0.0	1.0	0.0	0.0	0.0	0.0
vivid	0.0	0.0	0.0	0.474	0.0	0.527
vocal	0.0	0.0	0.0	0.28600000000000003	0.0	0.715
volatile	-0.38799999999999996	0.0	0.0	-0.612	0.0	0.0
vulnerable	-0.108	0.0	-0.035	-0.767	0.0	0.0
wakeful	-1.0	0.0	0.0	0.0	0.0	0.0
warlike	0.0	0.0	0.0	1.0	0.0	0.0
warm	0.10700000000000001	0.8380000000000001	0.006999999999999999	0.024	0.015	0.003
watchful	-1.0	0.0	0.0	0.0	0.0	0.0
watery	0.0	0.0	0.0	-1.0	0.0	0.0
weakening	0.0	0.0	0.0	-1.0	0.0	0.0
wealthy	0.0	0.0	0.0	1.0	0.0	0.0
wearied	0.0	0.0	0.0	0.0	0.0	-1.0
welcome	0.873	0.052000000000000005	0.0	0.07400000000000001	0.0	0.0
welcomed	0.612	0.38799999999999996	0.0	0.0	0.0	0.0
welcoming	0.042	0.925	0.003	0.0	0.022	0.009000000000000001
wicked	0.0	0.0	0.0	-1.0	0.0	0.0
wild	0.0	-0.714	-0.209	0.077	0.0	0.0
willing	-0.183	0.639	0.004	0.062	0.0	0.11100000000000002
wise	0.009000000000000001	0.02	0.0	0.857	0.113	0.0
withdrawn	0.0	0.0	-1.0	0.0	0.0	0.0
witty	0.0	0.0	0.257	0.0	0.0	0.743
wobbly	0.0	0.0	0.0	-1.0	0.0	0.0
wonderful	0.133	0.457	-0.025	0.253	0.11900000000000001	0.013000000000000001
worn	0.0	0.0	0.0	-0.027000000000000003	0.0	-0.974
worried	-0.512	-0.21600000000000003	-0.059000000000000004	0.0	-0.156	-0.057
worthy	0.0	0.0	0.0	1.0	0.0	0.0
wrong	0.0	0.0	-0.335	0.615	-0.05	0.0
wrought	-1.0	0.0	0.0	0.0	0.0	0.0
young	-0.004	0.027	0.019000000000000003	0.768	-0.023	0.117
youthful	0.0	0.0	0.0	0.8490000000000001	0.0	0.151
zany	0.0	0.0	1.0	0.0	0.0	0.0
zealous	0.0	0.0	0.0	0.0	0.0	1.0
